<?xml version="1.0" encoding="UTF-8"?>
<beans:beans xmlns="http://www.springframework.org/schema/mvc"
	xmlns:xsi="http://www.w3.org/2001/XMLSchema-instance"
	xmlns:beans="http://www.springframework.org/schema/beans"
	xmlns:context="http://www.springframework.org/schema/context"
	xsi:schemaLocation="http://www.springframework.org/schema/mvc https://www.springframework.org/schema/mvc/spring-mvc.xsd
		http://www.springframework.org/schema/beans https://www.springframework.org/schema/beans/spring-beans.xsd
		http://www.springframework.org/schema/context https://www.springframework.org/schema/context/spring-context.xsd">

	<!-- DispatcherServlet Context: defines this servlet's request-processing infrastructure -->
	
	<!-- Enables the Spring MVC @Controller programming model -->
	<annotation-driven />

	<!-- Handles HTTP GET requests for /resources/** by efficiently serving up static resources in the ${webappRoot}/resources directory -->
	<resources mapping="/resources/**" location="/resources/" />
	<resources mapping="/css/**" location="/resources/css/" />
	<resources mapping="/js/**" location="/resources/js/" />
	<resources mapping="/images/**" location="/resources/images/" />
	
	<!-- Resolves views selected for rendering by @Controllers to .jsp resources in the /WEB-INF/views directory -->
	<beans:bean class="org.springframework.web.servlet.view.InternalResourceViewResolver">
		<beans:property name="prefix" value="/WEB-INF/views/" />
		<beans:property name="suffix" value=".jsp" />
	</beans:bean>
	
		<!-- Controller 스캔 -->
	<context:component-scan base-package="com.itwillbs.controller" />
	<!-- 파일 업로드 설정 -->
	<beans:bean id="multipartResolver" 
	            class="org.springframework.web.multipart.commons.CommonsMultipartResolver">
	    <beans:property name="maxUploadSize" value="104857600"/>
	    <beans:property name="maxInMemorySize" value="104857600"/>
	    <beans:property name="defaultEncoding" value="UTF-8"/>
	</beans:bean>
	
	<!-- JSON 변환을 위한 설정 -->
	<beans:bean id="jsonMapper" 
	            class="com.fasterxml.jackson.databind.ObjectMapper"/>
	            
	<!--CSS 파일로드   -->
	<resources mapping="/resources/**" location="/resources/" />
	<resources mapping="/css/**" location="/resources/css/" />
	
	<context:component-scan base-package="com.itwillbs.web" />
	
	
	
</beans:beans>
