<?xml version="1.0" encoding="UTF-8"?>
<!DOCTYPE mapper
  PUBLIC "-//mybatis.org//DTD Mapper 3.0//EN"
  "http://mybatis.org/dtd/mybatis-3-mapper.dtd">
  
<mapper namespace="com.itwillbs.mapper.BoothCabinMapper">

    <!-- 부스+사물함 예약 -->
    <insert id="insertBoothCabin">
        INSERT INTO BOOTHCABIN (cabinet_id, member_id)
        VALUES (#{cabinet_id}, #{member_id})
    </insert>
    
    <!-- 부스+사물함 조회 -->
    <select id="getBoothCabin" resultType="com.itwillbs.domain.BoothCabinVO">
        SELECT * FROM BOOTHCABIN WHERE room_id = #{room_id}
    </select>
    
    <!-- 부스+사물함 목록 조회 -->
    <select id="getBoothCabinList" resultType="com.itwillbs.domain.BoothCabinVO">
        SELECT * FROM BOOTHCABIN ORDER BY room_id
    </select>
    
    <!-- 부스+사물함 예약 취소 -->
    <delete id="deleteBoothCabin">
        DELETE FROM BOOTHCABIN WHERE room_id = #{room_id}
    </delete>
    
    <!-- 회원별 부스+사물함 예약 조회 -->
    <select id="getBoothCabinByMember" resultType="com.itwillbs.domain.BoothCabinVO">
        SELECT * FROM BOOTHCABIN WHERE member_id = #{member_id}
    </select>

</mapper>