<?xml version="1.0" encoding="UTF-8"?>
<!DOCTYPE mapper
  PUBLIC "-//mybatis.org//DTD Mapper 3.0//EN"
  "http://mybatis.org/dtd/mybatis-3-mapper.dtd">
  
<mapper namespace="com.itwillbs.mapper.BoothMapper">

    <!-- 부스 예약 -->
    <insert id="insertBooth">
        INSERT INTO BOOTH (member_id)
        VALUES (#{member_id})
    </insert>
    
    <!-- 부스 조회 -->
    <select id="getBooth" resultType="com.itwillbs.domain.BoothVO">
        SELECT * FROM BOOTH WHERE booth_id = #{booth_id}
    </select>
    
    <!-- 부스 목록 조회 -->
    <select id="getBoothList" resultType="com.itwillbs.domain.BoothVO">
        SELECT * FROM BOOTH ORDER BY booth_id
    </select>
    
    <!-- 부스 예약 취소 -->
    <delete id="deleteBooth">
        DELETE FROM BOOTH WHERE booth_id = #{booth_id}
    </delete>
    
    <!-- 회원별 부스 예약 조회 -->
    <select id="getBoothByMember" resultType="com.itwillbs.domain.BoothVO">
        SELECT * FROM BOOTH WHERE member_id = #{member_id}
    </select>
    
    <!-- 이용 가능한 부스 조회 -->
    <select id="getAvailableBooth" resultType="com.itwillbs.domain.BoothVO">
        SELECT * FROM BOOTH WHERE member_id IS NULL
    </select>

</mapper>