<?xml version="1.0" encoding="UTF-8"?>
<!DOCTYPE mapper
  PUBLIC "-//mybatis.org//DTD Mapper 3.0//EN"
  "http://mybatis.org/dtd/mybatis-3-mapper.dtd">
  
<mapper namespace="com.itwillbs.mapper.CabinMapper">

    <!-- 사물함 예약 -->
    <insert id="insertCabin">
        INSERT INTO CABIN (member_id)
        VALUES (#{member_id})
    </insert>
    
    <!-- 사물함 조회 -->
    <select id="getCabin" resultType="com.itwillbs.domain.CabinVO">
        SELECT * FROM CABIN WHERE cabinet_id = #{cabinet_id}
    </select>
    
    <!-- 사물함 목록 조회 -->
    <select id="getCabinList" resultType="com.itwillbs.domain.CabinVO">
        SELECT * FROM CABIN ORDER BY cabinet_id
    </select>
    
    <!-- 사물함 예약 취소 -->
    <delete id="deleteCabin">
        DELETE FROM CABIN WHERE cabinet_id = #{cabinet_id}
    </delete>
    
    <!-- 회원별 사물함 예약 조회 -->
    <select id="getCabinByMember" resultType="com.itwillbs.domain.CabinVO">
        SELECT * FROM CABIN WHERE member_id = #{member_id}
    </select>
    
    <!-- 이용 가능한 사물함 조회 -->
    <select id="getAvailableCabin" resultType="com.itwillbs.domain.CabinVO">
        SELECT * FROM CABIN WHERE member_id IS NULL
    </select>

</mapper>