<?xml version="1.0" encoding="UTF-8"?>
<!DOCTYPE mapper
  PUBLIC "-//mybatis.org//DTD Mapper 3.0//EN"
  "http://mybatis.org/dtd/mybatis-3-mapper.dtd">
  
<mapper namespace="com.itwillbs.mapper.CardMapper">

    <!-- 카드 등록 -->
    <insert id="insertCard">
        INSERT INTO CARD (member_id, pay_id, card_company, card_type, 
                         card_num, card_cvc, card_expire_date, card_name)
        VALUES (#{member_id}, #{pay_id}, #{card_company}, #{card_type}, 
                #{card_num}, #{card_cvc}, #{card_expire_date}, #{card_name})
    </insert>
    
    <!-- 카드 조회 -->
    <select id="getCard" resultType="com.itwillbs.domain.CardVO">
        SELECT * FROM CARD WHERE card_id = #{card_id}
    </select>
    
    <!-- 카드 목록 조회 -->
    <select id="getCardList" resultType="com.itwillbs.domain.CardVO">
        SELECT * FROM CARD ORDER BY card_id
    </select>
    
    <!-- 카드 정보 수정 -->
    <update id="updateCard">
        UPDATE CARD SET
            card_company = #{card_company},
            card_type = #{card_type},
            card_num = #{card_num},
            card_cvc = #{card_cvc},
            card_expire_date = #{card_expire_date},
            card_name = #{card_name}
        WHERE card_id = #{card_id}
    </update>
    
    <!-- 카드 삭제 -->
    <delete id="deleteCard">
        DELETE FROM CARD WHERE card_id = #{card_id}
    </delete>
    
    <!-- 회원별 카드 조회 -->
    <select id="getCardByMember" resultType="com.itwillbs.domain.CardVO">
        SELECT * FROM CARD WHERE member_id = #{member_id}
    </select>

</mapper>