<?xml version="1.0" encoding="UTF-8"?>
<!DOCTYPE mapper
  PUBLIC "-//mybatis.org//DTD Mapper 3.0//EN"
  "http://mybatis.org/dtd/mybatis-3-mapper.dtd">
  
<mapper namespace="com.itwillbs.mapper.GoodsListMapper">

    <!-- 상품 등록 -->
    <insert id="insertGoods">
        INSERT INTO GOODSLIST (goods_01, goods_06, goods_name_kr, goods_name_en, 
                              goods_poster, my_info_02, GOODSLISTcol, member_id)
        VALUES (#{goods_01}, #{goods_06}, #{goods_name_kr}, #{goods_name_en}, 
                #{goods_poster}, #{my_info_02}, #{GOODSLISTcol}, #{member_id})
    </insert>
    
    <!-- 상품 조회 -->
    <select id="getGoods" resultType="com.itwillbs.domain.GoodsListVO">
        SELECT * FROM GOODSLIST WHERE goods_id = #{goods_id}
    </select>
    
    <!-- 상품 목록 조회 -->
    <select id="getGoodsList" resultType="com.itwillbs.domain.GoodsListVO">
        SELECT * FROM GOODSLIST ORDER BY goods_id
    </select>
    
    <!-- 상품 정보 수정 -->
    <update id="updateGoods">
        UPDATE GOODSLIST SET
            goods_01 = #{goods_01},
            goods_06 = #{goods_06},
            goods_name_kr = #{goods_name_kr},
            goods_name_en = #{goods_name_en},
            goods_poster = #{goods_poster},
            my_info_02 = #{my_info_02},
            GOODSLISTcol = #{GOODSLISTcol}
        WHERE goods_id = #{goods_id}
    </update>
    
    <!-- 상품 삭제 -->
    <delete id="deleteGoods">
        DELETE FROM GOODSLIST WHERE goods_id = #{goods_id}
    </delete>
    
    <!-- 회원별 구매 상품 조회 -->
    <select id="getGoodsByMember" resultType="com.itwillbs.domain.GoodsListVO">
        SELECT * FROM GOODSLIST WHERE member_id = #{member_id}
    </select>
    
    <!-- 상품 검색 (한글명) -->
    <select id="searchGoodsByKr" resultType="com.itwillbs.domain.GoodsListVO">
        SELECT * FROM GOODSLIST 
        WHERE goods_name_kr LIKE CONCAT('%', #{keyword}, '%')
    </select>

</mapper>