<?xml version="1.0" encoding="UTF-8"?>
<!DOCTYPE mapper
  PUBLIC "-//mybatis.org//DTD Mapper 3.0//EN"
  "http://mybatis.org/dtd/mybatis-3-mapper.dtd">
  
<mapper namespace="com.itwillbs.mapper.MemberMapper">

    <!-- 회원 등록 -->
    <insert id="insertMember">
        INSERT INTO MEMBER (member_pass, member_name, member_email, 
                           member_birth, member_date, member_phone, 
                           member_gender, member_addr)
        VALUES (#{member_pass}, #{member_name}, #{member_email}, 
                #{member_birth}, NOW(), #{member_phone}, 
                #{member_gender}, #{member_addr})
    </insert>
    
    <!-- 회원 조회 -->
    <select id="getMember" resultType="com.itwillbs.domain.MemberVO">
        SELECT * FROM MEMBER WHERE member_id = #{member_id}
    </select>
    
    <!-- 회원 목록 조회 -->
    <select id="getMemberList" resultType="com.itwillbs.domain.MemberVO">
        SELECT * FROM MEMBER ORDER BY member_date DESC
    </select>
    
    <!-- 회원 정보 수정 -->
    <update id="updateMember">
        UPDATE MEMBER SET
            member_pass = #{member_pass},
            member_name = #{member_name},
            member_email = #{member_email},
            member_birth = #{member_birth},
            member_phone = #{member_phone},
            member_gender = #{member_gender},
            member_addr = #{member_addr}
        WHERE member_id = #{member_id}
    </update>
    
    <!-- 회원 삭제 -->
    <delete id="deleteMember">
        DELETE FROM MEMBER WHERE member_id = #{member_id}
    </delete>
    
    <!-- 로그인 체크 -->
    <select id="loginCheck" resultType="com.itwillbs.domain.MemberVO">
        SELECT * FROM MEMBER 
        WHERE member_email = #{member_email} 
        AND member_pass = #{member_pass}
    </select>
    
    <!-- 이메일 중복 체크 -->
    <select id="checkEmail" resultType="int">
        SELECT COUNT(*) FROM MEMBER WHERE member_email = #{member_email}
    </select>

</mapper>