<?xml version="1.0" encoding="UTF-8"?>
<!DOCTYPE mapper
  PUBLIC "-//mybatis.org//DTD Mapper 3.0//EN"
  "http://mybatis.org/dtd/mybatis-3-mapper.dtd">
  
<mapper namespace="com.itwillbs.mapper.PayMapper">

    <!-- 결제 등록 -->
    <insert id="insertPay">
        INSERT INTO PAY (cabinet_id, booth_id, room_id, member_id, 
                        pay_price, pay_method, pay_status, pay_date)
        VALUES (#{cabinet_id}, #{booth_id}, #{room_id}, #{member_id}, 
                #{pay_price}, #{pay_method}, '결제완료', NOW())
    </insert>
    
    <!-- 결제 조회 -->
    <select id="getPay" resultType="com.itwillbs.domain.PayVO">
        SELECT * FROM PAY WHERE pay_id = #{pay_id}
    </select>
    
    <!-- 결제 목록 조회 -->
    <select id="getPayList" resultType="com.itwillbs.domain.PayVO">
        SELECT * FROM PAY ORDER BY pay_date DESC
    </select>
    
    <!-- 결제 상태 수정 -->
    <update id="updatePayStatus">
        UPDATE PAY SET
            pay_status = #{pay_status}
        WHERE pay_id = #{pay_id}
    </update>
    
    <!-- 결제 취소 -->
    <delete id="deletePay">
        DELETE FROM PAY WHERE pay_id = #{pay_id}
    </delete>
    
    <!-- 회원별 결제 내역 조회 -->
    <select id="getPayByMember" resultType="com.itwillbs.domain.PayVO">
        SELECT * FROM PAY WHERE member_id = #{member_id} ORDER BY pay_date DESC
    </select>
    
    <!-- 결제 상태별 조회 -->
    <select id="getPayByStatus" resultType="com.itwillbs.domain.PayVO">
        SELECT * FROM PAY WHERE pay_status = #{pay_status} ORDER BY pay_date DESC
    </select>

</mapper>