<?xml version="1.0" encoding="UTF-8"?>
<!DOCTYPE mapper
  PUBLIC "-//mybatis.org//DTD Mapper 3.0//EN"
  "http://mybatis.org/dtd/mybatis-3-mapper.dtd">
  
<mapper namespace="com.itwillbs.mapper.ReviewMapper">

    <!-- 리뷰 등록 -->
    <insert id="insertReview">
        INSERT INTO REVIEW (member_id, goods_id)
        VALUES (#{member_id}, #{goods_id})
    </insert>
    
    <!-- 리뷰 목록 조회 -->
    <select id="getReviewList" resultType="com.itwillbs.domain.ReviewVO">
        SELECT * FROM REVIEW
    </select>
    
    <!-- 회원별 리뷰 조회 -->
    <select id="getReviewByMember" resultType="com.itwillbs.domain.ReviewVO">
        SELECT * FROM REVIEW WHERE member_id = #{member_id}
    </select>
    
    <!-- 상품별 리뷰 조회 -->
    <select id="getReviewByGoods" resultType="com.itwillbs.domain.ReviewVO">
        SELECT * FROM REVIEW WHERE goods_id = #{goods_id}
    </select>
    
    <!-- 리뷰 삭제 -->
    <delete id="deleteReview">
        DELETE FROM REVIEW 
        WHERE member_id = #{member_id} AND goods_id = #{goods_id}
    </delete>

</mapper>